{
    "parent": "item/generated",
    "textures": {
        "layer0": "item/paper"
    },
    "overrides": [
        {"predicate": {"custom_model_data": 1},"model": "item/icon-1"},
        {"predicate": {"custom_model_data": 2},"model": "item/icon-2"},
        {"predicate": {"custom_model_data": 3},"model": "item/icon-3"},
        {"predicate": {"custom_model_data": 4},"model": "item/icon-4"},
        {"predicate": {"custom_model_data": 5},"model": "item/icon-5"},
        {"predicate": {"custom_model_data": 6},"model": "item/icon-6"},
        {"predicate": {"custom_model_data": 7},"model": "item/icon-7"},
        {"predicate": {"custom_model_data": 8},"model": "item/icon-8"},
        {"predicate": {"custom_model_data": 9},"model": "item/icon-9"},
        {"predicate": {"custom_model_data": 10},"model": "item/icon-10"},
        {"predicate": {"custom_model_data": 11},"model": "item/icon-11"},
        {"predicate": {"custom_model_data": 12},"model": "item/icon-12"},
        {"predicate": {"custom_model_data": 13},"model": "item/icon-13"},
        {"predicate": {"custom_model_data": 14},"model": "item/icon-14"},
        {"predicate": {"custom_model_data": 15},"model": "item/icon-15"},
        {"predicate": {"custom_model_data": 16},"model": "item/icon-16"},
        {"predicate": {"custom_model_data": 17},"model": "item/icon-17"},
        {"predicate": {"custom_model_data": 18},"model": "item/icon-18"},
        {"predicate": {"custom_model_data": 19},"model": "item/icon-19"},
        {"predicate": {"custom_model_data": 20},"model": "item/icon-20"},
        {"predicate": {"custom_model_data": 21},"model": "item/icon-21"},
        {"predicate": {"custom_model_data": 22},"model": "item/icon-22"},
        {"predicate": {"custom_model_data": 23},"model": "item/icon-23"},
        {"predicate": {"custom_model_data": 24},"model": "item/icon-24"},
        {"predicate": {"custom_model_data": 25},"model": "item/icon-25"},
        {"predicate": {"custom_model_data": 26},"model": "item/icon-26"},
        {"predicate": {"custom_model_data": 27},"model": "item/icon-27"},
        {"predicate": {"custom_model_data": 28},"model": "item/icon-28"},
        {"predicate": {"custom_model_data": 29},"model": "item/icon-29"},
        {"predicate": {"custom_model_data": 30},"model": "item/icon-30"},
        {"predicate": {"custom_model_data": 30},"model": "item/icon-31"},
        {"predicate": {"custom_model_data": 30},"model": "item/icon-32"},
        {"predicate": {"custom_model_data": 31},"model": "item/blank"}
    ]
}
